{"cameraMode":{"drawMode":0,"name":"Shaded","section":"Shading Mode"},"sceneLighting":true,"audioPlay":false,"sceneViewState":{"m_AlwaysRefresh":false,"showFog":true,"showSkybox":true,"showFlares":true,"showImageEffects":true,"showParticleSystems":true,"showVisualEffectGraphs":true,"m_FxEnabled":true},"in2DMode":false,"pivot":{"x":3.0076358318328859,"y":2.458646774291992,"z":-31.131786346435548},"rotation":{"x":0.00877552293241024,"y":0.6820291876792908,"z":-0.008184573613107205,"w":0.7312256693840027},"size":0.0008101816056296229,"orthographic":false}